{
  "ae_dir": "models/vae_R5018",
  "bird": "R5018",
  "arch": "direct",
  "model_version": 1,
  "coupling": "knn",
  "cfg_dropout": 0.0,
  "latent_dim": 128,
  "hidden_dim": 512,
  "num_blocks": 6,
  "cond_dim": 2,
  "age_min": 40.0,
  "age_max": 101.0,
  "z_mean": [
    -0.01817215234041214,
    0.07913641631603241,
    0.04389165714383125,
    -0.07139389216899872,
    0.06637746095657349,
    0.026172438636422157,
    -0.0035954806953668594,
    0.07109537720680237,
    -0.056994061917066574,
    0.01197066530585289,
    0.04177780821919441,
    -0.13289597630500793,
    0.016860170289874077,
    0.031074533239006996,
    -0.07302091270685196,
    -0.029914919286966324,
    0.07115378975868225,
    0.03496670722961426,
    0.04143967479467392,
    0.032042037695646286,
    0.022585909813642502,
    0.12648606300354004,
    0.033235225826501846,
    0.01533813402056694,
    -0.042088113725185394,
    -0.09920408576726913,
    0.061504676938056946,
    -0.034482184797525406,
    -0.010203637182712555,
    -0.03267601504921913,
    -0.0228051096200943,
    0.11709460616111755,
    0.014714687131345272,
    0.008594369515776634,
    -0.05102222412824631,
    0.02084163762629032,
    -0.15234483778476715,
    0.0464482344686985,
    -0.1564587950706482,
    -0.09447923302650452,
    -0.04423738270998001,
    -0.06579365581274033,
    0.19364410638809204,
    0.1685212105512619,
    -0.2132883369922638,
    -0.107944056391716,
    0.05081428959965706,
    0.026519138365983963,
    -0.07787666469812393,
    -0.0007898228359408677,
    -0.037308838218450546,
    -0.032737188041210175,
    -0.25417160987854004,
    -0.02639279142022133,
    0.00930714700371027,
    0.0515691377222538,
    -0.031549543142318726,
    -0.012798490934073925,
    -0.037092309445142746,
    0.08241386711597443,
    -0.08298507332801819,
    0.011857626028358936,
    -0.040289249271154404,
    0.07424840331077576,
    -0.033069901168346405,
    -0.0395573265850544,
    -0.09891735762357712,
    -0.10826671123504639,
    -0.019478799775242805,
    -0.016183242201805115,
    -0.11666173487901688,
    0.007034775801002979,
    0.005824495106935501,
    -0.2366173267364502,
    0.08929026871919632,
    -0.027691742405295372,
    0.11193382740020752,
    -0.012272465042769909,
    0.038572099059820175,
    -0.11514967679977417,
    -0.023137476295232773,
    0.11078928411006927,
    -0.06421362608671188,
    -0.0040133800357580185,
    0.10149170458316803,
    0.040939584374427795,
    -0.08135636895895004,
    0.04513458162546158,
    0.15392805635929108,
    0.15282467007637024,
    -0.0131432069465518,
    0.0341758094727993,
    -0.08006186783313751,
    0.01919565722346306,
    0.07545855641365051,
    0.04368313029408455,
    0.020357392728328705,
    -0.06519521027803421,
    0.011281738989055157,
    0.004875106271356344,
    -0.04681878164410591,
    0.3612631559371948,
    0.09362205862998962,
    -0.01674821227788925,
    -0.03972271457314491,
    0.007149915210902691,
    -0.06166562810540199,
    -0.01807522587478161,
    0.09042203426361084,
    -0.022615965455770493,
    -0.19862772524356842,
    0.08241014182567596,
    -0.11960489302873611,
    -0.09098926186561584,
    -0.0457802452147007,
    -0.017844904214143753,
    -0.015848278999328613,
    0.0399659164249897,
    -0.026658762246370316,
    -0.13639594614505768,
    -0.051728103309869766,
    -0.014513485133647919,
    0.09012053161859512,
    -0.017868531867861748,
    0.00394013337790966,
    -0.04706934839487076,
    -0.018672730773687363,
    0.0008270344696938992
  ],
  "z_std": [
    0.7978106141090393,
    1.3253427743911743,
    0.8013493418693542,
    0.7964099645614624,
    0.8106523156166077,
    0.9592543840408325,
    0.8056802153587341,
    0.8007902503013611,
    0.7984032034873962,
    0.8028391599655151,
    0.834881603717804,
    0.8022585511207581,
    0.8222154974937439,
    0.8257976770401001,
    0.8192947506904602,
    0.8048051595687866,
    0.7879871129989624,
    0.7903316020965576,
    0.8012717962265015,
    0.7702161073684692,
    0.7905747294425964,
    0.8596119284629822,
    0.8433998823165894,
    0.7859566807746887,
    0.8021256327629089,
    0.8231227993965149,
    0.8055284023284912,
    0.7943437695503235,
    0.8054279685020447,
    0.8199403882026672,
    0.7931805849075317,
    0.8043619394302368,
    0.9419935941696167,
    0.7803134918212891,
    0.8532602787017822,
    0.7925840020179749,
    0.9324342012405396,
    0.8098737001419067,
    0.8111817240715027,
    1.0191872119903564,
    0.7927869558334351,
    0.799095630645752,
    0.8434702754020691,
    0.8431534171104431,
    1.283372402191162,
    0.7888060808181763,
    0.84964919090271,
    0.9069501757621765,
    0.8126457333564758,
    0.7970302104949951,
    0.7916872501373291,
    0.7884385585784912,
    0.8474934101104736,
    0.792471706867218,
    0.790149986743927,
    0.7848420143127441,
    0.7999979257583618,
    0.8032889366149902,
    0.8083263039588928,
    0.8205783367156982,
    0.8078793883323669,
    0.8537302017211914,
    0.8272743821144104,
    1.078521728515625,
    0.7984454035758972,
    0.8169471621513367,
    0.8554421663284302,
    0.8222566246986389,
    0.7921226620674133,
    0.8107916712760925,
    0.8933618664741516,
    0.7819339036941528,
    0.7967258095741272,
    0.8978351950645447,
    0.8071925640106201,
    0.798520565032959,
    0.8026715517044067,
    0.7877267003059387,
    0.781669557094574,
    0.8450347781181335,
    0.7909319996833801,
    0.8215091824531555,
    0.8377370238304138,
    0.8255847692489624,
    1.0563445091247559,
    0.7901117205619812,
    0.8495648503303528,
    0.782920777797699,
    0.8112014532089233,
    1.3584537506103516,
    0.7850874662399292,
    0.8191999197006226,
    1.0116620063781738,
    0.7932145595550537,
    0.8803821206092834,
    0.7854821681976318,
    0.8083266615867615,
    0.7918304204940796,
    0.7905611991882324,
    0.8004549741744995,
    0.8015841841697693,
    0.9385810494422913,
    0.8615540862083435,
    0.8134043216705322,
    0.7929104566574097,
    0.8965039253234863,
    0.8102259039878845,
    0.7789278626441956,
    0.814987301826477,
    0.809922456741333,
    0.7897443771362305,
    0.8920753598213196,
    0.8027546405792236,
    0.8322649002075195,
    0.8040003776550293,
    0.8088429570198059,
    0.8029012084007263,
    0.8210669755935669,
    0.8007968068122864,
    0.8406032919883728,
    0.8067720532417297,
    0.8158912658691406,
    0.7800484895706177,
    0.916972279548645,
    0.8007218241691589,
    0.8288120031356812,
    0.7895795702934265,
    0.8000131845474243
  ],
  "n_time": 100,
  "n_mels": 123,
  "data_mean": -28.150297164916992,
  "data_std": 41.41836166381836,
  "lr": 0.0003,
  "batch_size": 256,
  "epochs": 200,
  "n_samples": 183264,
  "n_train": 164938,
  "n_val": 18326,
  "knn_k": 10,
  "min_age_gap": 1,
  "mag_weight": 0.0,
  "std_weight": 0.0,
  "mean_weight": 0.0,
  "sinkhorn_weight": 0.0,
  "age_margin": 0.05,
  "norm_age_min": 36.95,
  "norm_age_max": 104.05,
  "oversample_young": false,
  "gap_gate": false,
  "gap_head": false,
  "gap_head_weight": 0.0,
  "identity_prob": 0.0,
  "gap_curriculum": false,
  "rescale_targets": false,
  "gap_loss_weight": false,
  "heteroscedastic": false,
  "identity_reg_weight": 0.0,
  "identity_reg_tau": 0.0,
  "nll_warmup_epochs": 0
}