{
  "ae_dir": "models/vae_R4634",
  "bird": "R4634",
  "arch": "direct",
  "model_version": 1,
  "coupling": "ot",
  "cfg_dropout": 0.0,
  "latent_dim": 128,
  "hidden_dim": 512,
  "num_blocks": 6,
  "cond_dim": 2,
  "age_min": 40.0,
  "age_max": 101.0,
  "z_mean": [
    -0.030265342444181442,
    -0.0007877929019741714,
    -0.01640062965452671,
    -0.025208819657564163,
    0.0006659516366198659,
    -0.08474799245595932,
    0.00022454417194239795,
    -0.025229638442397118,
    -0.0062996698543429375,
    -0.007016276940703392,
    -0.0016982306260615587,
    0.03698883578181267,
    -0.04892797768115997,
    -0.06699895858764648,
    -0.0869792252779007,
    -0.05643775314092636,
    0.016917623579502106,
    -0.16653798520565033,
    0.012881098315119743,
    -0.04813678562641144,
    0.1378774344921112,
    -0.0644368901848793,
    -0.04659797251224518,
    -0.09147804975509644,
    -0.00010801429016282782,
    0.05879058688879013,
    -0.019221004098653793,
    0.023889003321528435,
    -0.011930719949305058,
    0.04560612142086029,
    0.014677805826067924,
    -0.0628608837723732,
    -0.15553410351276398,
    0.12921442091464996,
    -0.24536140263080597,
    0.010148705914616585,
    0.07233848422765732,
    0.024168243631720543,
    -0.2050250619649887,
    0.17472843825817108,
    -0.05945492535829544,
    -0.039043623954057693,
    0.03607776388525963,
    0.014775351621210575,
    -0.10332290083169937,
    0.10174529254436493,
    -0.037878070026636124,
    -0.058577168732881546,
    -0.09681152552366257,
    0.01988590881228447,
    -0.03599124029278755,
    0.05811241269111633,
    -0.11643078923225403,
    -0.025378074496984482,
    0.032035037875175476,
    0.0583699531853199,
    -0.013607933185994625,
    -0.0414619967341423,
    -0.023382574319839478,
    -0.00477297930046916,
    -0.05736757814884186,
    0.0612158440053463,
    0.03947274386882782,
    0.013164236210286617,
    0.05416089668869972,
    0.006782704032957554,
    -0.13058428466320038,
    -0.06100573390722275,
    0.02710382454097271,
    0.015073695220053196,
    8.461753168376163e-05,
    -0.03539374843239784,
    0.3024001717567444,
    -0.02981850877404213,
    -0.03245129808783531,
    -0.08489901572465897,
    -0.015935467556118965,
    -0.288610577583313,
    0.15104667842388153,
    -0.05984539911150932,
    0.03129701316356659,
    -0.01827271841466427,
    -0.05026210471987724,
    0.03210272639989853,
    -0.05702846869826317,
    -0.01834961026906967,
    -0.005401043687015772,
    -0.039427172392606735,
    0.005724642891436815,
    0.005149987060576677,
    0.006683880928903818,
    -0.006975302938371897,
    -0.011500299908220768,
    0.03029654361307621,
    -0.03617405518889427,
    -0.2689494490623474,
    -0.01993599161505699,
    0.015051272697746754,
    -0.01008632779121399,
    0.029964953660964966,
    0.04097859561443329,
    0.02471126616001129,
    0.03221819922327995,
    -0.028227834030985832,
    0.038698986172676086,
    -0.06341627985239029,
    0.050476010888814926,
    0.02623245120048523,
    -0.005056376568973064,
    -0.006859891582280397,
    -0.0591031089425087,
    0.19323047995567322,
    0.03165552020072937,
    0.0199488066136837,
    0.013035507872700691,
    -0.08885680884122849,
    0.06444479525089264,
    -0.001656677108258009,
    -0.045530516654253006,
    -0.07450711727142334,
    -0.04359380900859833,
    0.020328253507614136,
    0.0330648273229599,
    -0.01615525409579277,
    0.009957343339920044,
    -0.12375525385141373,
    -0.021077921614050865,
    -0.012426834553480148
  ],
  "z_std": [
    0.820092499256134,
    0.8206315636634827,
    0.8282108902931213,
    0.8927406072616577,
    0.8444927334785461,
    0.8223426342010498,
    0.8506583571434021,
    0.8165425062179565,
    0.8921367526054382,
    0.802693784236908,
    0.9762895703315735,
    0.8316953778266907,
    0.8234639763832092,
    0.8216418623924255,
    0.8288920521736145,
    0.8278207182884216,
    0.8358175754547119,
    1.039482593536377,
    0.8163467049598694,
    0.8151489496231079,
    0.8466088771820068,
    0.8401262760162354,
    0.9137874245643616,
    0.8316171169281006,
    0.8291698098182678,
    0.8310619592666626,
    0.8196200132369995,
    0.8393464684486389,
    0.809280514717102,
    0.8428404927253723,
    0.8443847894668579,
    0.8790505528450012,
    0.9425972700119019,
    1.096176266670227,
    1.0276786088943481,
    0.8549376130104065,
    0.8536738157272339,
    0.8320837020874023,
    1.0459775924682617,
    0.8919878005981445,
    0.8185518980026245,
    0.8229658603668213,
    0.8349812626838684,
    0.8934623003005981,
    1.178399920463562,
    1.018359899520874,
    0.8199806809425354,
    0.8204963803291321,
    0.827949047088623,
    0.831221878528595,
    0.825634241104126,
    0.8333216309547424,
    0.9362107515335083,
    0.8207991123199463,
    0.8204977512359619,
    0.8351810574531555,
    0.8178191184997559,
    0.8495529890060425,
    0.8175462484359741,
    0.831147313117981,
    0.8894051313400269,
    0.82574063539505,
    0.8084813356399536,
    0.8467812538146973,
    0.8506169319152832,
    0.825141966342926,
    0.8379290103912354,
    0.8185595273971558,
    0.8336380124092102,
    0.8335064649581909,
    0.8232123255729675,
    0.8977177143096924,
    0.9769745469093323,
    0.858730673789978,
    0.8198330402374268,
    0.8584778308868408,
    0.8162760734558105,
    0.8724470138549805,
    1.4144186973571777,
    0.8415459394454956,
    0.8294302225112915,
    0.8136656880378723,
    0.9007776975631714,
    0.8301452994346619,
    0.8186717629432678,
    0.8328855037689209,
    0.8353081345558167,
    0.8354206085205078,
    0.8149706125259399,
    0.8260398507118225,
    0.8464568257331848,
    0.8194407820701599,
    0.8638544082641602,
    0.8186329007148743,
    0.8448101282119751,
    0.8873670697212219,
    0.8198140263557434,
    0.8171986937522888,
    0.842427134513855,
    0.8285502791404724,
    0.8211013674736023,
    0.8109322190284729,
    0.853209912776947,
    0.880580723285675,
    0.8237878084182739,
    0.8393397927284241,
    0.8224891424179077,
    1.0019230842590332,
    0.8219069242477417,
    0.9704253673553467,
    0.8227075934410095,
    0.997118353843689,
    0.8246989250183105,
    0.8327932953834534,
    0.8199187517166138,
    0.8623511791229248,
    0.8368780612945557,
    0.8358705043792725,
    0.8258490562438965,
    0.8159472346305847,
    0.8238183856010437,
    0.8178417682647705,
    0.8216866850852966,
    0.8262635469436646,
    0.8459611535072327,
    0.8527345657348633,
    0.8244083523750305,
    0.8278883695602417
  ],
  "n_time": 100,
  "n_mels": 123,
  "data_mean": -35.901092529296875,
  "data_std": 46.37481689453125,
  "lr": 0.0003,
  "batch_size": 256,
  "epochs": 200,
  "n_samples": 222165,
  "n_train": 199949,
  "n_val": 22216,
  "knn_k": 10,
  "min_age_gap": 1,
  "mag_weight": 0.0,
  "std_weight": 0.0,
  "mean_weight": 0.0,
  "sinkhorn_weight": 0.0,
  "age_margin": 0.05,
  "norm_age_min": 36.95,
  "norm_age_max": 104.05,
  "oversample_young": false,
  "gap_gate": false,
  "gap_head": false,
  "gap_head_weight": 0.0,
  "identity_prob": 0.0,
  "gap_curriculum": false,
  "rescale_targets": false,
  "gap_loss_weight": false,
  "heteroscedastic": false,
  "identity_reg_weight": 0.0,
  "identity_reg_tau": 7.0,
  "nll_warmup_epochs": 0
}