{
  "ae_dir": "models/vae_R4951",
  "bird": "R4951",
  "arch": "direct",
  "model_version": 1,
  "coupling": "knn",
  "cfg_dropout": 0.0,
  "latent_dim": 128,
  "hidden_dim": 512,
  "num_blocks": 6,
  "cond_dim": 2,
  "age_min": 40.0,
  "age_max": 101.0,
  "z_mean": [
    -0.07579347491264343,
    0.17200137674808502,
    -0.017711112275719643,
    0.09845791757106781,
    -0.02282491885125637,
    0.025373082607984543,
    0.045511968433856964,
    0.013854321092367172,
    -0.015820853412151337,
    -0.004168315324932337,
    0.0009044492617249489,
    0.029549038037657738,
    0.018678316846489906,
    -0.00623107235878706,
    -0.03152546286582947,
    0.05848981440067291,
    0.02469005435705185,
    -0.03077930025756359,
    0.09975749254226685,
    0.10963580012321472,
    -0.03696996718645096,
    0.024008970707654953,
    0.017673468217253685,
    0.07664335519075394,
    0.04350927844643593,
    -0.0416160486638546,
    -0.02653799206018448,
    -0.023678630590438843,
    -0.018631059676408768,
    -0.03416778892278671,
    -0.0044165439903736115,
    0.04017478972673416,
    0.028380123898386955,
    0.03671274706721306,
    0.0039825765416026115,
    0.03457777574658394,
    0.009380914270877838,
    -0.020468520000576973,
    -0.190071240067482,
    0.0027709784917533398,
    -0.018363025039434433,
    -0.05253300815820694,
    -0.04109036922454834,
    0.02859097346663475,
    0.044188667088747025,
    0.029807167127728462,
    0.0013849264942109585,
    0.030786991119384766,
    -0.04896911233663559,
    -0.08829909563064575,
    0.19572390615940094,
    -0.05057459697127342,
    0.01717279478907585,
    0.19558145105838776,
    0.020765094086527824,
    -0.07176171243190765,
    0.03898950666189194,
    0.15755411982536316,
    0.050114329904317856,
    0.04460493475198746,
    -0.024857085198163986,
    0.018732983618974686,
    -0.00025913602439686656,
    -0.006199583411216736,
    0.08859607577323914,
    -0.09640655666589737,
    -0.29080379009246826,
    -0.04026322066783905,
    -0.03529560565948486,
    -0.0010484021622687578,
    -0.009475096128880978,
    0.047734495252370834,
    -0.046988315880298615,
    0.016518818214535713,
    0.07509392499923706,
    -0.07339645177125931,
    0.11040922999382019,
    -0.06403575837612152,
    0.19118793308734894,
    0.06524694710969925,
    0.16665798425674438,
    -0.062249522656202316,
    -0.010584567673504353,
    0.06011875718832016,
    -0.021760128438472748,
    0.031634509563446045,
    -0.0181267186999321,
    0.061430592089891434,
    0.03025786764919758,
    0.02820194512605667,
    -0.026221895590424538,
    -0.015275035984814167,
    -0.07635970413684845,
    -0.0008864588453434408,
    -0.018752295523881912,
    -0.05228545144200325,
    0.034088149666786194,
    0.15914705395698547,
    0.052918799221515656,
    0.00599079392850399,
    0.055497173219919205,
    -0.08713369071483612,
    -0.039607029408216476,
    -0.011254440061748028,
    -0.018376773223280907,
    -0.018605513498187065,
    0.015606098808348179,
    0.14519090950489044,
    0.004102575127035379,
    -0.032683245837688446,
    -0.006590960081666708,
    0.03199068829417229,
    0.022121611982584,
    -0.006058259401470423,
    0.09375455975532532,
    0.02068345621228218,
    -0.009254064410924911,
    -0.0747339054942131,
    0.002037402242422104,
    -0.03559489548206329,
    0.03510718792676926,
    0.002787502948194742,
    -0.01944359578192234,
    -0.0187052134424448,
    0.019715486094355583,
    0.036927346140146255,
    -0.004923813510686159,
    -0.020738914608955383
  ],
  "z_std": [
    0.8587697148323059,
    0.812978982925415,
    0.8054728507995605,
    0.8585401177406311,
    0.8026024103164673,
    0.7760292887687683,
    0.7998231649398804,
    0.8070703148841858,
    0.8110530972480774,
    0.7986014485359192,
    0.8309695720672607,
    0.7967698574066162,
    0.808133065700531,
    0.8214261531829834,
    0.7989311814308167,
    0.8118866682052612,
    0.8019953370094299,
    0.8208510875701904,
    0.8150573372840881,
    1.135246992111206,
    0.7859005928039551,
    0.7959756255149841,
    0.8082513809204102,
    0.8216877579689026,
    0.9343334436416626,
    0.8076088428497314,
    0.8231812119483948,
    0.7921207547187805,
    0.8032350540161133,
    0.8039383888244629,
    0.8647593259811401,
    0.8095275163650513,
    0.8090642690658569,
    0.819040834903717,
    0.8146877884864807,
    0.802042543888092,
    0.8099523782730103,
    1.293351650238037,
    1.1428813934326172,
    0.7871904373168945,
    0.8066486716270447,
    0.8029574155807495,
    0.8271265625953674,
    0.8135243654251099,
    0.8001142144203186,
    0.8151248097419739,
    0.7845596671104431,
    0.8161953091621399,
    0.8057811856269836,
    0.810847282409668,
    0.9466913342475891,
    0.8420484066009521,
    0.7878392338752747,
    0.9572568535804749,
    0.7971954941749573,
    1.1631046533584595,
    0.8023762106895447,
    0.9305167198181152,
    0.8149347305297852,
    0.8009682297706604,
    0.809519350528717,
    0.8066584467887878,
    0.800205409526825,
    0.7960488796234131,
    0.995596706867218,
    0.7906277179718018,
    1.0525848865509033,
    0.8432379961013794,
    0.7969626188278198,
    0.8028290867805481,
    0.8077026605606079,
    1.442729115486145,
    0.852907121181488,
    0.8115508556365967,
    0.9652838110923767,
    1.0167121887207031,
    0.816480815410614,
    0.8223942518234253,
    1.0207927227020264,
    0.819591760635376,
    0.86173415184021,
    0.8122889995574951,
    0.8006871342658997,
    0.8023403286933899,
    0.8037927746772766,
    0.7983336448669434,
    0.7850251793861389,
    0.8459089398384094,
    0.8111599087715149,
    0.8107419013977051,
    0.7867867350578308,
    0.8605485558509827,
    0.8257319927215576,
    0.8018325567245483,
    0.9073135256767273,
    0.8339297771453857,
    0.7997356653213501,
    0.8800199031829834,
    0.8003066778182983,
    0.8151677846908569,
    0.7945766448974609,
    0.8001925945281982,
    0.8661775588989258,
    0.8070647716522217,
    0.8531911969184875,
    0.7981119751930237,
    0.7962499856948853,
    0.815355122089386,
    0.824044942855835,
    0.8032774925231934,
    0.8092831969261169,
    0.7968931794166565,
    0.8568729758262634,
    0.8189751505851746,
    1.0157158374786377,
    0.7902801036834717,
    0.7937286496162415,
    0.8500413298606873,
    0.7912958860397339,
    0.8090233206748962,
    0.8137589693069458,
    0.8176935315132141,
    0.8113954663276672,
    0.8076778054237366,
    0.7947229146957397,
    0.7883453369140625,
    0.8019422888755798,
    0.7874760031700134
  ],
  "n_time": 100,
  "n_mels": 123,
  "data_mean": -27.2175350189209,
  "data_std": 40.02804946899414,
  "lr": 0.0003,
  "batch_size": 256,
  "epochs": 200,
  "n_samples": 274014,
  "n_train": 246613,
  "n_val": 27401,
  "knn_k": 10,
  "min_age_gap": 1,
  "mag_weight": 0.0,
  "std_weight": 0.0,
  "mean_weight": 0.0,
  "sinkhorn_weight": 0.0,
  "age_margin": 0.05,
  "norm_age_min": 36.95,
  "norm_age_max": 104.05,
  "oversample_young": false,
  "gap_gate": false,
  "gap_head": false,
  "gap_head_weight": 0.0,
  "identity_prob": 0.0,
  "gap_curriculum": false,
  "rescale_targets": false,
  "gap_loss_weight": false,
  "heteroscedastic": false,
  "identity_reg_weight": 0.0,
  "identity_reg_tau": 0.0,
  "nll_warmup_epochs": 0
}