{
  "n_mels": 123,
  "n_time": 100,
  "latent_dim": 128,
  "lr": 0.0003,
  "batch_size": 128,
  "epochs": 100,
  "data_mean": -28.150297164916992,
  "data_std": 41.41836166381836,
  "bird": "R5018",
  "num_params": 8281339,
  "l2_weight": 0.0001,
  "n_samples": 183264,
  "n_train": 164938,
  "n_val": 18326,
  "age_min": 40.0,
  "age_max": 101.0,
  "source": "h5",
  "model_type": "vae",
  "kl_weight": 0.001,
  "encode_only": false,
  "init_from": null
}